{
  "images" : [
    {
      "idiom" : "universal",
      "scale" : "1x"
    },
    {
      "resizing" : {
        "mode" : "9-part",
        "center" : {
          "mode" : "stretch",
          "width" : 11,
          "height" : 6
        },
        "capInsets" : {
          "bottom" : 26,
          "top" : 20,
          "right" : 103,
          "left" : 103
        }
      },
      "idiom" : "universal",
      "filename" : "MarsNew@2x.png",
      "scale" : "2x"
    },
    {
      "idiom" : "universal",
      "scale" : "3x"
    }
  ],
  "info" : {
    "version" : 1,
    "author" : "xcode"
  }
}